{
    "rms_error": 0.7142835074912274,
    "images_used": 20,
    "camera_matrix": [
        [
            1417.0403096571977,
            0.0,
            957.459776490542
        ],
        [
            0.0,
            1420.2720211645985,
            570.5911420017325
        ],
        [
            0.0,
            0.0,
            1.0
        ]
    ],
    "distortion_coefficients": [
        [
            0.08959465840442786,
            -0.750613499067229,
            0.00020226506264608155,
            -0.009160126115283456,
            2.7073995410808753
        ]
    ],
    "board_config": {
        "squares_vertically": 7,
        "squares_horizontally": 5,
        "square_length_meters": 0.03,
        "marker_length_meters": 0.015,
        "aruco_dict": "DICT_6X6_250"
    }
}